date;heure
02/01/2025;8
02/01/2025;9
02/01/2025;10
02/01/2025;11
02/01/2025;12
02/01/2025;18
02/01/2025;19
03/01/2025;8
03/01/2025;9
03/01/2025;10
03/01/2025;11
03/01/2025;12
03/01/2025;18
03/01/2025;19
16/01/2025;8
16/01/2025;9
16/01/2025;10
16/01/2025;11
16/01/2025;12
16/01/2025;18
16/01/2025;19
18/01/2025;8
18/01/2025;9
18/01/2025;10
18/01/2025;11
18/01/2025;12
18/01/2025;18
18/01/2025;19
21/01/2025;8
21/01/2025;9
21/01/2025;10
21/01/2025;11
21/01/2025;12
21/01/2025;18
21/01/2025;19
22/01/2025;8
22/01/2025;9
22/01/2025;10
22/01/2025;11
22/01/2025;12
22/01/2025;18
22/01/2025;19
04/02/2025;8
04/02/2025;9
04/02/2025;10
04/02/2025;11
04/02/2025;12
04/02/2025;18
04/02/2025;19
07/02/2025;8
07/02/2025;9
07/02/2025;10
07/02/2025;11
07/02/2025;12
07/02/2025;18
07/02/2025;19
14/03/2025;8
14/03/2025;9
14/03/2025;10
14/03/2025;11
14/03/2025;12
14/03/2025;18
14/03/2025;19